Reference,Value / MPN,Footprint,Notes
C1,1uF,C0603_MAS_C1,
C2,2.2uF,C0603_MAS_C2,
C3,10uF 10V,C0805_C3,
C4,100nF,C0603_C4,
C5,100nF,C0603_C5,
C6,100nF,C0603_C6,
C7,100nF,C0603_C7,
C8,100nF,C0603_C8,
C9,100nF,C0603_C9,
C10,100nF,C0603_C10,
C11,100nF,C0603_C11,
D1,SS14,SOD123_D1,External USB to VSYS diode; Pico VBUS is not connected to carrier USB.
J1,TYPE-C 6P,USB_C_MAS_Original_J1,
J2,DB25 MALE / MAS original,DB25_MAS_Original_J2,
R6,5.1k,R0603_MAS_R6,
R7,5.1k,R0603_MAS_R7,
R10,100,R0402_R10,
R11,100,R0402_R11,
R12,100,R0402_R12,
R13,100,R0402_R13,
R14,100,R0402_R14,
R15,100,R0402_R15,
R16,100,R0402_R16,
R17,100,R0402_R17,
R20,100,R0402_R20,
R21,100,R0402_R21,
R22,330,R0402_R22,
R23,330,R0402_R23,
R24,330,R0402_R24,
R25,10k,R0402_R25,
R26,100k,R0402_R26,
R27,100,R0402_R27,
R28,4.7k,R0402_R28,
R29,4.7k,R0402_R29,
R30,10k,R0402_R30,
R31,10k,R0402_R31,
R32,10k,R0402_R32,
R33,10k,R0402_R33,
R34,10k,R0402_R34,
R35,10k,R0402_R35,
R36,100k,R0402_R36,
TP1,+3V3_IF,TP1_TP1,
TP2,GND,TP1_TP2,
TP3,PIO_STROBE_N,TP1_TP3,
TP4,PIO_SEL,TP1_TP4,
TP5,DATA_OE_N,TP1_TP5,
TP6,DATA_DIR,TP1_TP6,
TP7,PICO_RUN_N,TP1_TP7,
U1,LD2981ABU33TR,SOT89_MAS_Original_U1,
U2,SN74LVC4245APWR,TSSOP24_U2,
U3,SN74LVC125APWR,TSSOP14_U3,
U4,SN74LVC4245APWR,TSSOP24_U4,
U5,SN74LVC1G10DBVR,SOT23_6_U5,
U6,SN74LVC1G10DBVR,SOT23_6_U6,
U7,Raspberry Pi Pico 2 W,Pico2W_PartialSocket_15x2_U7,Rotated 180deg; two 1x15 sockets on module pins 1..15 and 26..40. Antenna overhang 11.3471 mm. Minimum 8.5mm socket spacing recommended. Pins16..25 not soldered.
U8,SN74LVC2G07DCKR,SC70_6_DCK_U8,
