Reference,Pin,Pin name,Net
C1,1,,/GND
C1,2,,/+5V_USB
C2,1,,/GND
C2,2,,/+3V3_IF
C3,1,,/PICO_VSYS
C3,2,,/GND
C4,1,,/+5V_USB
C4,2,,/GND
C5,1,,/+3V3_IF
C5,2,,/GND
C6,1,,/+3V3_IF
C6,2,,/GND
C7,1,,/+5V_USB
C7,2,,/GND
C8,1,,/+3V3_IF
C8,2,,/GND
C9,1,,/+3V3_IF
C9,2,,/GND
C10,1,,/+3V3_IF
C10,2,,/GND
C11,1,,/+3V3_IF
C11,2,,/GND
D1,1,,/PICO_VSYS
D1,2,,/+5V_USB
J1,1,GND,/GND
J1,2,SHIELD,/GND
J1,3,SHIELD,/GND
J1,4,SHIELD,/GND
J1,5,CC2,/USB_CC2
J1,6,VBUS,/+5V_USB
J1,7,GND,/GND
J1,8,CC1,/USB_CC1
J1,9,VBUS,/+5V_USB
J1,10,SHIELD,/GND
J2,1,STROBE_N,/AM_STROBE_N
J2,2,D0,/AM_D0
J2,3,D1,/AM_D1
J2,4,D2,/AM_D2
J2,5,D3,/AM_D3
J2,6,D4,/AM_D4
J2,7,D5,/AM_D5
J2,8,D6,/AM_D6
J2,9,D7,/AM_D7
J2,10,ACK_N,/AM_ACK_N
J2,11,BUSY,/AM_BUSY
J2,12,POUT,/AM_POUT
J2,13,SEL,/AM_SEL
J2,14,5V_SENSE,/AM_5V_SENSE
J2,15,NC,unconnected-(J2-NC-Pad15)
J2,16,RESET_N,/AM_RESET_N
J2,17,GND,/GND
J2,18,GND,/GND
J2,19,GND,/GND
J2,20,GND,/GND
J2,21,GND,/GND
J2,22,GND,/GND
J2,23,GND,/GND
J2,24,GND,/GND
J2,25,GND,/GND
R6,1,,/GND
R6,2,,/USB_CC1
R7,1,,/GND
R7,2,,/USB_CC2
R10,1,,/AM_D0
R10,2,,/BUS_D0
R11,1,,/AM_D1
R11,2,,/BUS_D1
R12,1,,/AM_D2
R12,2,,/BUS_D2
R13,1,,/AM_D3
R13,2,,/BUS_D3
R14,1,,/AM_D4
R14,2,,/BUS_D4
R15,1,,/AM_D5
R15,2,,/BUS_D5
R16,1,,/AM_D6
R16,2,,/BUS_D6
R17,1,,/AM_D7
R17,2,,/BUS_D7
R20,1,,/AM_STROBE_N
R20,2,,/STROBE_IN
R21,1,,/AM_SEL
R21,2,,/SEL_IN
R22,1,,/AM_ACK_N
R22,2,,/ACK_OUT
R23,1,,/AM_BUSY
R23,2,,/BUSY_OUT
R24,1,,/AM_POUT
R24,2,,/POUT_OUT
R25,1,,/AM_5V_SENSE
R25,2,,/HOST_PRESENT
R26,1,,/HOST_PRESENT
R26,2,,/GND
R27,1,,/AM_RESET_N
R27,2,,/RESET_IN
R28,1,,/FW_DATA_EN
R28,2,,/GND
R29,1,,/FW_CTRL_EN
R29,2,,/GND
R30,1,,/DATA_DIR
R30,2,,/+3V3_IF
R31,1,,/DATA_OE_N
R31,2,,/+3V3_IF
R32,1,,/CTRL_OE_N
R32,2,,/+3V3_IF
R33,1,,/PIO_ACK_N
R33,2,,/GND
R34,1,,/PIO_BUSY
R34,2,,/GND
R35,1,,/PIO_POUT
R35,2,,/GND
R36,1,,/RESET_IN
R36,2,,/GND
TP1,1,,/+3V3_IF
TP2,1,,/GND
TP3,1,,/PIO_STROBE_N
TP4,1,,/PIO_SEL
TP5,1,,/DATA_OE_N
TP6,1,,/DATA_DIR
TP7,1,,/PICO_RUN_N
U1,1,OUT,/+3V3_IF
U1,2,GND,/GND
U1,2@1,TAB_GND,/GND
U1,3,IN,/+5V_USB
U2,1,VCCA_5V,/+5V_USB
U2,2,DIR,/DATA_DIR
U2,3,A0,/BUS_D0
U2,4,A1,/BUS_D1
U2,5,A2,/BUS_D2
U2,6,A3,/BUS_D3
U2,7,A4,/BUS_D4
U2,8,A5,/BUS_D5
U2,9,A6,/BUS_D6
U2,10,A7,/BUS_D7
U2,11,GND,/GND
U2,12,GND,/GND
U2,13,GND,/GND
U2,14,B7,/PIO_D7
U2,15,B6,/PIO_D6
U2,16,B5,/PIO_D5
U2,17,B4,/PIO_D4
U2,18,B3,/PIO_D3
U2,19,B2,/PIO_D2
U2,20,B1,/PIO_D1
U2,21,B0,/PIO_D0
U2,22,OE_N,/DATA_OE_N
U2,23,VCCB_3V3,/+3V3_IF
U2,24,VCCB_3V3,/+3V3_IF
U3,1,1OE_N,/CTRL_OE_N
U3,2,1A,/STROBE_IN
U3,3,1Y,/PIO_STROBE_N
U3,4,2OE_N,/CTRL_OE_N
U3,5,2A,/SEL_IN
U3,6,2Y,/PIO_SEL
U3,7,GND,/GND
U3,8,3Y,unconnected-(U3-3Y-Pad8)
U3,9,3A,/GND
U3,10,3OE_N,/+3V3_IF
U3,11,4Y,unconnected-(U3-4Y-Pad11)
U3,12,4A,/GND
U3,13,4OE_N,/+3V3_IF
U3,14,VCC,/+3V3_IF
U4,1,VCCA_5V,/+5V_USB
U4,2,DIR,/GND
U4,3,A0,/ACK_OUT
U4,4,A1,/BUSY_OUT
U4,5,A2,/POUT_OUT
U4,6,A3,unconnected-(U4-A3-Pad6)
U4,7,A4,unconnected-(U4-A4-Pad7)
U4,8,A5,unconnected-(U4-A5-Pad8)
U4,9,A6,unconnected-(U4-A6-Pad9)
U4,10,A7,unconnected-(U4-A7-Pad10)
U4,11,GND,/GND
U4,12,GND,/GND
U4,13,GND,/GND
U4,14,B7,/GND
U4,15,B6,/GND
U4,16,B5,/GND
U4,17,B4,/GND
U4,18,B3,/GND
U4,19,B2,/PIO_POUT
U4,20,B1,/PIO_BUSY
U4,21,B0,/PIO_ACK_N
U4,22,OE_N,/CTRL_OE_N
U4,23,VCCB_3V3,/+3V3_IF
U4,24,VCCB_3V3,/+3V3_IF
U5,1,A_FW_ENABLE,/FW_DATA_EN
U5,2,GND,/GND
U5,3,B_HOST_PRESENT,/HOST_PRESENT
U5,4,Y_OE_N,/DATA_OE_N
U5,5,VCC,/+3V3_IF
U5,6,C_RESET_N,/RESET_IN
U6,1,A_FW_ENABLE,/FW_CTRL_EN
U6,2,GND,/GND
U6,3,B_HOST_PRESENT,/HOST_PRESENT
U6,4,Y_OE_N,/CTRL_OE_N
U6,5,VCC,/+3V3_IF
U6,6,C_RESET_N,/RESET_IN
U7,1,GP0,/PIO_D0
U7,2,GP1,/PIO_D1
U7,3,GND,/GND
U7,4,GP2,/PIO_D2
U7,5,GP3,/PIO_D3
U7,6,GP4,/PIO_D4
U7,7,GP5,/PIO_D5
U7,8,GND,/GND
U7,9,GP6,/PIO_D6
U7,10,GP7,/PIO_D7
U7,11,GP8,/PIO_STROBE_N
U7,12,GP9,/PIO_SEL
U7,13,GND,/GND
U7,14,GP10,/PIO_BUSY
U7,15,GP11,/PIO_POUT
U7,26,GP20,/DATA_DIR
U7,27,GP21,/FW_DATA_EN
U7,28,GND,/GND
U7,29,GP22,/FW_CTRL_EN
U7,30,RUN,/PICO_RUN_N
U7,31,GP26,/PIO_ACK_N
U7,32,GP27,unconnected-(U7-GP27-Pad32)
U7,33,AGND,/GND
U7,34,GP28,unconnected-(U7-GP28-Pad34)
U7,35,ADC_VREF,unconnected-(U7-ADC_VREF-Pad35)
U7,36,3V3_OUT,unconnected-(U7-3V3_OUT-Pad36)
U7,37,3V3_EN,unconnected-(U7-3V3_EN-Pad37)
U7,38,GND,/GND
U7,39,VSYS,/PICO_VSYS
U7,40,VBUS,unconnected-(U7-VBUS-Pad40)
U8,1,1A_RESET_N,/RESET_IN
U8,2,GND,/GND
U8,3,2A_HOST_PRESENT,/HOST_PRESENT
U8,4,2Y_OD,/PICO_RUN_N
U8,5,VCC,/+3V3_IF
U8,6,1Y_OD,/PICO_RUN_N
